-- phpMyAdmin SQL Dump
-- version 3.4.11.1deb1
-- http://www.phpmyadmin.net
--
-- Host: localhost
-- Generation Time: Jun 03, 2013 at 09:49 AM
-- Server version: 5.5.31
-- PHP Version: 5.4.6-1ubuntu1.2

SET SQL_MODE="NO_AUTO_VALUE_ON_ZERO";
SET time_zone = "+00:00";


/*!40101 SET @OLD_CHARACTER_SET_CLIENT=@@CHARACTER_SET_CLIENT */;
/*!40101 SET @OLD_CHARACTER_SET_RESULTS=@@CHARACTER_SET_RESULTS */;
/*!40101 SET @OLD_COLLATION_CONNECTION=@@COLLATION_CONNECTION */;
/*!40101 SET NAMES utf8 */;

--
-- Database: `gsb_public`
--

-- --------------------------------------------------------

--
-- Table structure for table `taxonomy_term_data`
--

DROP TABLE IF EXISTS `taxonomy_term_data`;
CREATE TABLE IF NOT EXISTS `taxonomy_term_data` (
  `tid` int(10) unsigned NOT NULL AUTO_INCREMENT COMMENT 'Primary Key: Unique term ID.',
  `vid` int(10) unsigned NOT NULL DEFAULT '0' COMMENT 'The taxonomy_vocabulary.vid of the vocabulary to which the term is assigned.',
  `name` varchar(255) NOT NULL DEFAULT '' COMMENT 'The term name.',
  `description` longtext COMMENT 'A description of the term.',
  `format` varchar(255) DEFAULT NULL COMMENT 'The filter_format.format of the description.',
  `weight` int(11) NOT NULL DEFAULT '0' COMMENT 'The weight of this term in relation to other terms.',
  `uuid` char(36) NOT NULL DEFAULT '' COMMENT 'The Universally Unique Identifier.',
  PRIMARY KEY (`tid`),
  KEY `taxonomy_tree` (`vid`,`weight`,`name`),
  KEY `vid_name` (`vid`,`name`),
  KEY `name` (`name`),
  KEY `uuid` (`uuid`)
) ENGINE=InnoDB  DEFAULT CHARSET=utf8 COMMENT='Stores term information.' AUTO_INCREMENT=12681 ;

--
-- Dumping data for table `taxonomy_term_data`
--

INSERT INTO `taxonomy_term_data` (`tid`, `vid`, `name`, `description`, `format`, `weight`, `uuid`) VALUES
(10001, 101, 'Accounting', NULL, NULL, 0, 'bbcc83a2-d2df-42b5-8975-83be1a5ec52d'),
(10006, 101, 'Economics', NULL, NULL, 0, '14a95701-a1fb-40c2-a917-20503c7b81dc'),
(10011, 101, 'Finance', NULL, NULL, 0, 'd3b46356-b810-4462-9569-440bc23b841d'),
(10016, 101, 'Marketing', NULL, NULL, 0, 'da6cb055-2aa5-4d61-ac03-6c9a55e07615'),
(10021, 101, 'Operations, Information & Technology', NULL, NULL, 0, '0bad74a6-48d7-49aa-a765-bff0372e7bdf'),
(10026, 101, 'Organizational Behavior', NULL, NULL, 0, 'b2a08eb9-0f90-4f86-a1ae-9ce34422862b'),
(10031, 101, 'Political Economy', NULL, NULL, 0, '85bb8d99-23f9-4fb6-ba1e-044fc76afe58'),
(10036, 106, 'Business & Society', NULL, NULL, 0, '97885746-bfce-4baa-b4ba-66f519f8ba78'),
(10041, 106, 'Consumer', NULL, NULL, 0, '0ef014bf-2aef-4bd9-b9a3-91bbc92a84bc'),
(10046, 106, 'Education', NULL, NULL, 0, 'a62c0376-b11b-4393-8935-53c2f1c07388'),
(10051, 106, 'Energy', NULL, NULL, 0, 'b472d2cc-aa70-49f7-b2a8-a8ccba389f6f'),
(10056, 106, 'Entrepreneurship', NULL, NULL, 0, 'e39e4c5d-eb46-4f32-9bd2-c712620c5357'),
(10061, 106, 'Finance & Economics', NULL, NULL, 0, 'b4c928e9-d4a9-4388-ae74-f17c86661935'),
(10066, 106, 'Global Business', NULL, NULL, 0, 'f32ccc0d-8db9-4942-8831-28d4cc751f5f'),
(10071, 106, 'Health Care', NULL, NULL, 0, 'c694cff6-2a6e-4a97-9683-16e2276c5c35'),
(10076, 106, 'Leadership', NULL, NULL, 0, 'b40e63d1-7e73-445d-97a9-a59a2fe2d16b'),
(10081, 106, 'Management & Organizations', NULL, NULL, 0, 'd5d2414e-d113-4ff2-881d-92ead8d59940'),
(10086, 106, 'Marketing', NULL, NULL, 0, 'd16f4d1e-377a-46b6-a0b2-4ca97f36390e'),
(10091, 106, 'Media & Entertainment', NULL, NULL, 0, '3f028d32-95be-4bde-862a-eb37735352b8'),
(10096, 106, 'Nonprofit', NULL, NULL, 0, 'a42fffcb-e800-4bfb-9ef0-91614e7a574d'),
(10101, 106, 'Operations', NULL, NULL, 0, '6254e76f-d4b2-4d12-b3da-859aa1fb1dea'),
(10106, 106, 'Public Sector', NULL, NULL, 0, '3cbd657e-7a06-4dfa-a37b-ca10478df092'),
(10111, 106, 'Technology', NULL, NULL, 0, 'f0766ca7-6193-4a1f-bb71-361ef09db557'),
(10116, 106, 'Transportation', NULL, NULL, 0, 'd06e43db-cda1-4c36-9712-25aa46a2c7d5'),
(10121, 111, 'CSI', NULL, NULL, 0, 'bfdd7bc6-d799-437a-b14a-6980eae01ced'),
(10126, 111, 'CES', NULL, NULL, 0, '2f52a752-3034-458c-b5ee-8cb1bebdfb77'),
(10131, 111, 'CLDR', NULL, NULL, 0, 'cc1f9b87-9259-446e-88a7-f566cb2df8d1'),
(10136, 111, 'CGBE', NULL, NULL, 0, '968ab4cb-9123-489b-8c7a-acd8c4173541'),
(10141, 111, 'PHI', NULL, NULL, 0, 'f50bb473-0a1e-49b6-a24f-082a28e84d26'),
(10146, 111, 'SC Forum', NULL, NULL, 0, 'fb64aaeb-4992-42fd-80b7-c976689d572e'),
(10151, 111, 'SPRIE', NULL, NULL, 0, 'b7acf499-0150-4f0a-8ce7-0a5c55315164'),
(10156, 111, 'SEED', NULL, NULL, 0, 'e3407528-ce3e-4adb-8604-b8789e59861c'),
(10161, 111, 'STEYER-TAYLOR', NULL, NULL, 0, 'c4800c97-0033-4fb5-b88d-0b39f7ed963f'),
(10166, 116, 'Administrative Committee', NULL, NULL, 0, '7bf8f185-a9c5-41ce-b3dd-f6568fd2fbc0'),
(10171, 116, 'Athletic', NULL, NULL, 0, '480a4256-7779-4240-b247-4a7234f4b46d'),
(10176, 116, 'Diversity', NULL, NULL, 0, 'd72cf6dd-daa2-4465-addb-c46c56be31c8'),
(10181, 116, 'Industry/Career', NULL, NULL, 0, '000fc9b7-bd59-4a54-9671-6452953aef5b'),
(10186, 116, 'International', NULL, NULL, 0, '3ad940b3-55cf-4cbf-a1f0-34a6f751a4a2'),
(10191, 116, 'Social', NULL, NULL, 0, '46114e8d-389c-42e8-81b6-c50a981c1d9a'),
(10196, 116, 'Student Government', NULL, NULL, 0, 'af47e1be-84b4-4ae8-9a1f-c26a463215ed'),
(10199, 126, 'Academic Administration', NULL, NULL, 0, '5f971c42-03c1-46b1-9469-93572c213c65'),
(10200, 126, 'Behavioral Lab', NULL, NULL, 0, 'b712f5ce-ad21-4195-8452-30a1935c07a5'),
(10201, 126, 'Executive Education Admissions', NULL, NULL, 0, 'dc425f0e-4193-4b4f-985c-ea734d08f4a3'),
(10202, 126, 'Faculty Support', NULL, NULL, 0, 'de4f8306-3995-4b03-8047-5a8dfd6d431c'),
(10203, 126, 'Financial Aid Office', NULL, NULL, 0, '1d0ab1b4-e3b6-4b6c-ac65-c72b7cd24c24'),
(10204, 126, 'Global Innovation Programs', NULL, NULL, 0, '4069965f-05dd-4c67-ab6e-ebab14d89206'),
(10205, 126, 'Library', NULL, NULL, 0, '55c6cad0-9dc7-4c83-8f69-5d7fce9cd21c'),
(10206, 126, 'MBA Admissions', NULL, NULL, 0, '15610132-f4b3-447d-b54c-5ee3552d2ad9'),
(10207, 126, 'Marketing and Communications', NULL, NULL, 0, 'b7ea5692-5461-4098-96d6-63739b1d1faa'),
(10211, 126, 'MSx Admissions', NULL, NULL, 0, '9bbe846d-fff6-4d49-aca0-90f1fb31883a'),
(10216, 126, 'PhD Admissions', NULL, NULL, 0, '505038a2-7a41-42a9-9211-20f5be3440ff'),
(10217, 126, 'Schwab Residential Center', NULL, NULL, 0, 'eb97f609-8c1f-42fa-aea0-f44c480733bb'),
(10218, 126, 'Stanford MSx Program', NULL, NULL, 0, '9448bf0f-8e6b-40f1-aad5-5ad10f45c9ae'),
(10221, 131, 'Accounting', NULL, NULL, 0, '585038e0-35df-47c0-a1bb-31799948ff40'),
(10226, 131, 'Auditing', NULL, NULL, 0, 'aa83dbed-b652-4e0f-8d2e-4511569a4808'),
(10231, 131, 'Budgeting', NULL, NULL, 0, 'a2a31eaf-1622-491f-9c92-103f44024af2'),
(10236, 131, 'Cost Accounting', NULL, NULL, 0, '7eecf0ad-1f74-4c78-868a-bb5d8a403761'),
(10241, 131, 'Business & Society', NULL, NULL, 0, 'bc2a5e1c-5531-487e-835b-e17882e42ac2'),
(10246, 131, 'Business Ethics', NULL, NULL, 0, 'd92cee9c-f316-4207-9a37-69d8b312375e'),
(10251, 131, 'Corporate Social Responsibility', NULL, NULL, 0, '9335df79-73d0-4f8d-9e64-d01053f64eee'),
(10256, 131, 'Demographics', NULL, NULL, 0, '30e25897-09a8-409d-8065-41a0fa06d79c'),
(10261, 131, 'Sustainable Development', NULL, NULL, 0, '43ecf390-40c0-428b-a078-5504e5a92dca'),
(10266, 131, 'Work & Family', NULL, NULL, 0, '824459f4-df50-4ee0-9105-08487fca2ceb'),
(10271, 131, 'Change', NULL, NULL, 0, 'cb2dbbf3-54ec-407b-a2de-31aeaef76f1a'),
(10276, 131, 'Innovation', NULL, NULL, 0, 'dc84f97f-7fc0-48ca-bdb3-a9e4f7a6fcd0'),
(10281, 131, 'Organizational Change', NULL, NULL, 0, '0bf083d6-ed5f-405e-87d2-c86e3a23751c'),
(10286, 131, 'Technological Change', NULL, NULL, 0, '8d74165a-9351-408a-8643-6de62899590c'),
(10291, 131, 'Transitions & Renewals', NULL, NULL, 0, '8821d571-6b81-4223-a023-65efa176856e'),
(10296, 131, 'Reslilience', NULL, NULL, 0, '696b10f5-5633-42c6-b566-412b9ec93c14'),
(10301, 131, 'Economics', NULL, NULL, 0, '27357da3-906c-4815-bfac-55bfda23ceb3'),
(10306, 131, 'Behavioral Economics', NULL, NULL, 0, '6cc934a7-8d9c-428e-a6e9-789d34d27d1b'),
(10311, 131, 'Development Economics', NULL, NULL, 0, '331ddfb4-8d73-4fb8-bb1d-fb0a95df456e'),
(10316, 131, 'Econometrics', NULL, NULL, 0, '4636b330-a2de-4136-bcee-c2e56b3a64ed'),
(10321, 131, 'Economic History', NULL, NULL, 0, 'f2d4c4cf-7b2f-496f-8873-d4b05f94a61a'),
(10326, 131, 'Economic Systems', NULL, NULL, 0, '71dd2af5-fb06-4f47-9b1b-b2aaa45aba25'),
(10331, 131, 'Environmental Economics', NULL, NULL, 0, '4e923eef-b07b-4a68-b46f-e3a16fa7fbfd'),
(10336, 131, 'Labor Economics', NULL, NULL, 0, '1a56beb8-5012-48da-a906-73f3e6fae1b7'),
(10341, 131, 'Macroeconomics', NULL, NULL, 0, '7613efd5-1778-4dd7-bd8c-ce05aeff7beb'),
(10346, 131, 'Managerial Economics', NULL, NULL, 0, '486922d1-26e8-4f4a-98d1-25ba8494825a'),
(10351, 131, 'Microeconomics', NULL, NULL, 0, '20476ccd-9def-45fc-9310-ab11814b9d3a'),
(10356, 131, 'Entrepreneurship', NULL, NULL, 0, '98af25b9-d2ca-401d-b909-8e803508c13d'),
(10361, 131, 'Social Entrepreneurship', NULL, NULL, 0, '253cb3b4-4549-4dcd-ae86-4e368eeeeadc'),
(10366, 131, 'Finance', NULL, NULL, 0, '2aad01ac-6524-40c6-8e41-6d98e011e5ea'),
(10371, 131, 'Behavioral Finance', NULL, NULL, 0, '4b3cf55c-3fa2-4175-9e9e-df75ab483fd3'),
(10376, 131, 'Corporate Finance', NULL, NULL, 0, '31df4bb7-80d2-465b-99de-01f80033bb6f'),
(10381, 131, 'Financial Markets', NULL, NULL, 0, '13159466-5025-4a22-b1e7-a6f9936d51c8'),
(10386, 131, 'Personal Finance', NULL, NULL, 0, 'f1dce337-f135-4606-a26c-e16772639f79'),
(10391, 131, 'Public Finance', NULL, NULL, 0, '36546d95-530e-4995-9d89-2774a0eb8a28'),
(10396, 131, 'Venture Capital & Private Equity', NULL, NULL, 0, 'c64f9116-ff99-446b-91e8-b80c2f381b7f'),
(10401, 131, 'Global Business', NULL, NULL, 0, '603bb2de-fd8b-40b4-87a2-7a6adbbebc25'),
(10406, 131, 'Emerging Markets', NULL, NULL, 0, '7527267f-ac4b-4a14-92b3-2fc1bcc5f83b'),
(10411, 131, 'Frontier Markets', NULL, NULL, 0, 'd7d72fb4-30e5-4fb0-b86a-647a22768896'),
(10416, 131, 'Globalization', NULL, NULL, 0, 'f78d6f9f-16d0-4d01-95d7-66482c15504c'),
(10421, 131, 'International Trade', NULL, NULL, 0, '77b6ba56-eb10-4cbe-8954-f61a996f9a84'),
(10426, 131, 'National Culture', NULL, NULL, 0, '563ae2fa-a283-4b8a-afc7-37e744a0fa0f'),
(10431, 131, 'National Economies', NULL, NULL, 0, '3d452bde-8497-447b-b306-b207cf70de43'),
(10436, 131, 'Management & Organizations', NULL, NULL, 0, '9fa5dd13-519f-421b-90af-6457aa97b034'),
(10441, 131, 'Corporate Governance', NULL, NULL, 0, 'b1ee05fb-d4cf-4c98-b952-d8fcd808f668'),
(10446, 131, 'Human Resources Management', NULL, NULL, 0, '99d77805-b00b-477a-a62d-78899ef42788'),
(10451, 131, 'Leadership', NULL, NULL, 0, 'ab992e29-82f4-4d6a-9daf-6a598403ee36'),
(10456, 131, 'Organizational Behavior', NULL, NULL, 0, 'a92b9f98-7225-4c76-9862-63207cde3c79'),
(10461, 131, 'Public Management', NULL, NULL, 0, 'beb5804e-0f2d-492d-80b1-b5c5896f7b36'),
(10466, 131, 'Strategic Management', NULL, NULL, 0, '7f3ed38b-eccc-480a-8a62-4d624480f3ec'),
(10471, 131, 'Marketing', NULL, NULL, 0, '612e024b-143a-4e29-bf38-b9016dc065f8'),
(10476, 131, 'Branding', NULL, NULL, 0, '0816e50b-2b7c-46bd-98f2-22dc731f1607'),
(10481, 131, 'Consumer Behavior', NULL, NULL, 0, 'b7319ca9-58ba-4dc5-b2a7-a734e87ca2fe'),
(10486, 131, 'Customer Relationship Management', NULL, NULL, 0, '03c2844b-7437-4930-865b-c31d7135a325'),
(10491, 131, 'Market Research', NULL, NULL, 0, '9e972dbf-ae0e-486f-a44f-4b02cb90dfe2'),
(10496, 131, 'Product Management', NULL, NULL, 0, '7b542ba0-e7b3-4b9c-8c17-46405b85c65c'),
(10501, 131, 'R&D', NULL, NULL, 0, 'd87a1c1f-2c43-4d6a-85b8-8edb8e69dc75'),
(10506, 131, 'Sales Management', NULL, NULL, 0, '522c0f52-aba8-4508-8f46-37f94edd0a32'),
(10511, 131, 'Operations', NULL, NULL, 0, 'de325bdf-5253-4af6-9574-b1d5284bbfd4'),
(10516, 131, 'Information & Technology', NULL, NULL, 0, '8ba244f0-d35d-470e-9a21-980465f58a8f'),
(10521, 131, 'Management Science', NULL, NULL, 0, '6c73e155-037f-425f-8406-2ed2e8947427'),
(10526, 131, 'Manufacturing', NULL, NULL, 0, '89925a96-7794-4509-b4cc-e4d631c03c0b'),
(10531, 131, 'Operational Research', NULL, NULL, 0, 'e4e90368-cf77-458c-b7d2-f2a0bd7cff0b'),
(10536, 131, 'Supply Chain Management', NULL, NULL, 0, '193ca38b-7b2b-4e3a-92e6-5534c33ab870'),
(10541, 131, 'Political Economics', NULL, NULL, 0, '1159a875-0a06-4d28-a0d8-163a7a95f395'),
(10546, 131, 'Government & Politics', NULL, NULL, 0, 'eef0ede1-71a9-4f13-b46b-90bf11f45844'),
(10551, 131, 'Law & Public Policy', NULL, NULL, 0, '8b9ba512-302e-40dc-864b-58e8836ea260'),
(10561, 136, 'Admissions Events', NULL, NULL, 0, '4d08f375-fefb-4ec1-84c1-973428b50cdc'),
(10566, 136, 'Alumni', NULL, NULL, 0, '68619fca-256a-40dc-9b8d-d6d6b97f1988'),
(10571, 136, 'Conferences', NULL, NULL, 0, '115ff5fc-a47b-4c50-bdb8-bded11aedd73'),
(12411, 136, 'Diverse Communities', NULL, NULL, 0, '589e4e7b-e915-41ea-97bc-93d82a7197b2'),
(10576, 136, 'Info Session', NULL, NULL, 0, '5bdf1b2b-e925-46ae-b935-68eb6c252170'),
(10581, 136, 'On-campus', NULL, NULL, 0, '6a281bcf-ed77-4757-92a3-0046f4fc4768'),
(10582, 136, 'Off-campus', NULL, NULL, 0, '55e1bbfc-fe67-4f12-994e-d6c57e57c889'),
(10586, 136, 'Online', NULL, NULL, 0, 'f3a88742-ff6a-4957-be9d-b081f8f97b27'),
(10591, 136, 'Seminars', NULL, NULL, 0, 'd32861f7-4953-481f-9efc-ab8c698da2fe'),
(10596, 136, 'Speakers', NULL, NULL, 0, '136dc899-5910-444b-9fa0-a31fe7932a8c'),
(10601, 136, 'Workshops', NULL, NULL, 0, '24288474-f5c6-4ca1-92af-d5357ccc1d6c'),
(10602, 141, 'View From The Top', NULL, NULL, 0, '20fd5ebe-bfff-4322-b57d-155fd6743ee0'),
(10606, 146, 'Construction', NULL, NULL, 0, '2cd3abd5-254a-47dc-ac7b-fc60bfe3bfad'),
(10611, 146, 'Consumer', NULL, NULL, 0, 'b2335bc9-3940-43bf-ad71-8926c79e42c7'),
(10616, 146, 'Apparel', NULL, NULL, 0, '851a05fd-b7f0-44cf-ab47-7face930a1ba'),
(10621, 146, 'Beverages', NULL, NULL, 0, '9d0de942-e5fc-4685-82f1-85df580abf10'),
(10626, 146, 'Consumer Electronics', NULL, NULL, 0, 'afac1759-0dfa-4ef1-aca7-f11557676c5f'),
(10631, 146, 'Food', NULL, NULL, 0, 'f3862581-9f9f-4d55-a3b4-9f552bc40f72'),
(10636, 146, 'Household Products', NULL, NULL, 0, 'b3e8bf32-7402-4154-acb9-3442ca37a6e5'),
(10641, 146, 'Restaurants & Bars', NULL, NULL, 0, '15048180-4a05-4d5d-9cbf-027205aef2ac'),
(10646, 146, 'Retail Stores', NULL, NULL, 0, '22f4e717-d157-4cc7-ba84-c41be20e4a0c'),
(10651, 146, 'Education', NULL, NULL, 0, 'bda69e78-7cf4-42c8-8bc9-186923255793'),
(10656, 146, 'Energy', NULL, NULL, 0, '1280ba1c-e970-45e1-a1ed-ce3b272572ec'),
(10661, 146, 'Coal', NULL, NULL, 0, 'fc3b17a0-5e20-4321-8c3d-bddf8a77b679'),
(10666, 146, 'Oil & Gas', NULL, NULL, 0, '0484f51a-287b-4a47-96f6-c40ecf789a0c'),
(10671, 146, 'Renewable Energy', NULL, NULL, 0, 'b5a24b63-e073-42ac-a245-e65f9ab24319'),
(10676, 146, 'Utilities', NULL, NULL, 0, '75592b46-7fc9-421c-9b9c-b1cf29d93738'),
(10681, 146, 'Financial Services', NULL, NULL, 0, 'e9026861-e013-4337-978b-a90fb8dac8c3'),
(10686, 146, 'Banking', NULL, NULL, 0, 'cf42d61d-bd43-4e56-9484-48ecbc589252'),
(10691, 146, 'Insurance', NULL, NULL, 0, 'eadf6fe5-a05a-412e-92f6-007b323b9d5c'),
(10696, 146, 'Investment Services', NULL, NULL, 0, 'a5ffa3ac-983d-488f-927a-06fe9c0a4829'),
(10701, 146, 'Health Care', NULL, NULL, 0, '736cb712-24a4-456f-8409-f9205ac1e9a4'),
(10706, 146, 'Biotechnology', NULL, NULL, 0, '0a78a59d-2928-46b0-9243-a2d859e52496'),
(10711, 146, 'Health Care Providers', NULL, NULL, 0, '246784b1-f338-4792-9bfe-0bc6abfb3a26'),
(10716, 146, 'Medical Devices', NULL, NULL, 0, '032e4f13-c43e-46dd-8e1d-078ba8e9f8f3'),
(10721, 146, 'Pharmaceuticals', NULL, NULL, 0, 'e9e099f7-5dab-47f3-a1ab-44cdad7f8f93'),
(10726, 146, 'Media & Entertainment', NULL, NULL, 0, 'e81ca714-a640-4201-a527-f6c48aaff43c'),
(10731, 146, 'Entertainment', NULL, NULL, 0, '0ce98102-03ed-42a5-bdc3-22423ff334f0'),
(10736, 146, 'Media', NULL, NULL, 0, '0a22f824-ac48-451e-84ae-ba826dd16edb'),
(10741, 146, 'Publishing', NULL, NULL, 0, '8edac3f6-0af0-4df0-857e-9f7a391ce3d4'),
(10746, 146, 'Nonprofit', NULL, NULL, 0, '0ae27763-9693-4883-ae5c-584589507748'),
(10751, 146, 'Philanthropy', NULL, NULL, 0, '042cdb15-a009-4fdf-9f85-3b32c06619b9'),
(10756, 146, 'Professional & Business Services', NULL, NULL, 0, '35220499-bfc4-4df4-9c5d-d0e5ca42f579'),
(10761, 146, 'Business Support Services', NULL, NULL, 0, 'de1584d6-5874-47f4-830d-1653b7e3a657'),
(10766, 146, 'Employment Services', NULL, NULL, 0, '617175d2-707c-4292-8a12-dd4a9456c4ca'),
(10771, 146, 'Environmental Services', NULL, NULL, 0, '496bd333-73e1-4c7c-9029-1bde38b5bbb6'),
(10776, 146, 'Professional Services', NULL, NULL, 0, 'e4fdbc2b-3964-4dde-9157-67c1efae5257'),
(10781, 146, 'Public Sector', NULL, NULL, 0, 'cd484f15-d060-4352-af8c-bc00b16cae18'),
(10786, 146, 'Real Estate', NULL, NULL, 0, 'a993f5e2-38da-48f0-83e2-c9f032e03d4f'),
(10791, 146, 'Recreation', NULL, NULL, 0, 'd3a58afe-f8a3-4075-8bf9-6324a44fd798'),
(10796, 146, 'Casinos & Gaming', NULL, NULL, 0, 'bfdfc31d-43cc-4da1-afee-fbc72b44e0a1'),
(10801, 146, 'Leisure', NULL, NULL, 0, '46fce1cf-18fc-4c32-8c1f-34410074631b'),
(10806, 146, 'Sports', NULL, NULL, 0, '0e8ce3ec-5218-479f-a93f-8978283fbe5f'),
(10811, 146, 'Toy', NULL, NULL, 0, '7ad709d9-7217-466f-b46c-03eadb15a582'),
(10816, 146, 'Technology', NULL, NULL, 0, 'ffc27ab1-b999-46ae-adb8-568225275951'),
(10821, 146, 'Information Technology', NULL, NULL, 0, '53e3b534-5b23-4479-9556-67631d70868e'),
(10826, 146, 'Internet', NULL, NULL, 0, '86856518-5bef-422f-93f6-1d1dc9eedd8d'),
(10831, 146, 'Nanotechnology', NULL, NULL, 0, '11bf731a-a35e-4514-9263-c272194a0f8b'),
(10836, 146, 'Robotics', NULL, NULL, 0, '657e05a0-d9ba-4298-a135-ce907d6a4aad'),
(10841, 146, 'Semiconductors', NULL, NULL, 0, 'fb4534cc-887e-4443-aa46-dc74a021a3be'),
(10846, 146, 'Telecommunications', NULL, NULL, 0, '79f1c045-e448-49b3-ae3c-5c95b438243a'),
(10851, 146, 'Travel', NULL, NULL, 0, '3bc5552f-4ca8-41e6-9b2d-b7d3bcb7c021'),
(10856, 146, 'Transportation', NULL, NULL, 0, '58b16c7a-c304-4f8f-a968-8f1965601556'),
(10861, 146, 'Airlines', NULL, NULL, 0, 'a19cdfff-efda-4661-b410-123600bf36d3'),
(10866, 146, 'Automotive', NULL, NULL, 0, '7ca480e1-c37d-4bad-9eb7-99838e87f00e'),
(10871, 146, 'Rail', NULL, NULL, 0, 'fdee6ad5-9d9e-4c8c-9b88-84df5b002c5f'),
(10876, 151, 'Executive Education', NULL, NULL, 0, '2e48c124-7ad4-4075-aac0-a47b8cea1faa'),
(10881, 151, 'MBA', NULL, NULL, 1, 'c4e95f47-d10a-4d9e-9b17-7e29bca73342'),
(10887, 151, 'MS', NULL, NULL, 2, '73271ac4-f333-400f-a25d-96ea10e5337d'),
(10886, 151, 'MSx', NULL, NULL, 3, '87153501-5803-4e43-96b4-8f7bc5969ae2'),
(10891, 151, 'PhD', NULL, NULL, 4, 'd65f393a-cb42-44b5-90cd-b48497f5c828'),
(10896, 151, 'SEED Program', NULL, NULL, 5, 'd92cdcb3-308b-4cf5-b558-e7e51f1fcb92'),
(10901, 151, 'SIGM', NULL, NULL, 6, '0a2bac4d-c9d4-451c-bae7-8297046ff147'),
(10906, 151, 'Social Innovation Program', NULL, NULL, 7, 'd9ddb3c0-0c39-421d-899c-cd02c7781d64'),
(10911, 151, 'Stanford Ignite', NULL, NULL, 8, '297139b0-3806-48ef-8f5f-533bc5af51f1'),
(10916, 156, 'Africa', NULL, NULL, 0, 'bbbfd7b6-c67e-479a-ba08-a8c228ebf39a'),
(10921, 156, 'Eastern Africa', NULL, NULL, 0, 'a973983f-cae5-4a00-82b0-25e3f55cf82d'),
(10926, 156, 'Burundi', NULL, NULL, 0, 'ec4df34b-8b9e-4580-9372-3f5b90a514c4'),
(10931, 156, 'Comoros', NULL, NULL, 0, 'c456b634-35f0-43e0-a5a3-9b8164262809'),
(10936, 156, 'Djibouti', NULL, NULL, 0, '3d3c546b-ebee-44ef-ae37-18a958da1524'),
(10941, 156, 'Eritrea', NULL, NULL, 0, '88928635-7be3-42e3-80b8-e12ea9e9eb6e'),
(10946, 156, 'Ethiopia', NULL, NULL, 0, 'bd5f601f-1a44-4cbc-ba3a-a2059edfd39d'),
(10951, 156, 'Kenya', NULL, NULL, 0, '7aae2d9f-d2c4-4574-a962-6002b5488186'),
(10956, 156, 'Madagascar', NULL, NULL, 0, '033c4755-ba2d-47f0-8f5f-e467531d5715'),
(10961, 156, 'Malawi', NULL, NULL, 0, '7484f88c-e997-4077-b529-01aa73e2caec'),
(10966, 156, 'Mauritius', NULL, NULL, 0, 'ea227590-929c-4bf1-a4b6-8fb757b21773'),
(10971, 156, 'Mayotte', NULL, NULL, 0, 'ce553e22-b2ad-4941-9109-1a4d3b8d1b9d'),
(10976, 156, 'Mozambique', NULL, NULL, 0, '6de44e63-6154-4b94-8984-8400eac51521'),
(10981, 156, 'Rwanda', NULL, NULL, 0, '2626ac8f-5330-47f9-96d8-98b9906fc8e7'),
(10986, 156, 'Seychelles', NULL, NULL, 0, 'bb0e649e-63dd-4521-8297-7dd88c39c53c'),
(10991, 156, 'Somalia', NULL, NULL, 0, '9cd60fe9-fbaf-4d61-a5a7-dd212f9bad12'),
(10996, 156, 'Tanzania', NULL, NULL, 0, 'cb11cbb3-a3cb-4e56-996e-8ce058f55dc0'),
(11001, 156, 'Uganda', NULL, NULL, 0, '7c38194c-38ae-440d-a631-31ff140b34e8'),
(11006, 156, 'Zambia', NULL, NULL, 0, '47c1e692-bb34-40e9-bdf7-16636a2e1de4'),
(11011, 156, 'Zimbabwe', NULL, NULL, 0, '4e18a736-764c-4df7-9251-75f8e93912b4'),
(11016, 156, 'Middle Africa', NULL, NULL, 0, '51cff2a8-8797-4ec8-8f70-858ec103c4fe'),
(11021, 156, 'Angola', NULL, NULL, 0, '988d2280-2b59-4193-b181-f94a004caf58'),
(11026, 156, 'Cameroon', NULL, NULL, 0, 'f4383893-42fb-4f07-8f83-d87daaa62429'),
(11031, 156, 'Central African Republic', NULL, NULL, 0, 'e30e4ec0-5587-4d8e-b9f0-7682e5be844b'),
(11036, 156, 'Chad', NULL, NULL, 0, '24cace3e-9a63-440c-aa20-018b906f3307'),
(11041, 156, 'Congo (Brazzaville)', NULL, NULL, 0, '169d0ad5-a3d2-4de9-9020-4c94fd504fe3'),
(11046, 156, 'Congo (Democratic Republic)', NULL, NULL, 0, '8e5fded6-520c-4e4b-b8a1-3cdeedcbb46b'),
(11051, 156, 'Equatorial Guinea', NULL, NULL, 0, '2d046e81-8824-4c20-897f-aa0c7f834fd9'),
(11056, 156, 'Gabon', NULL, NULL, 0, '9334ab7d-8234-43b2-bb43-a67aa0ba7d4c'),
(11061, 156, 'Sao Tome and Principe', NULL, NULL, 0, '45c59c8f-ef82-4291-afbc-02edc0fedf52'),
(11066, 156, 'Northern Africa', NULL, NULL, 0, 'b0011911-4c0c-4883-917b-97e088104586'),
(11071, 156, 'Algeria', NULL, NULL, 0, '1ac53dd9-c416-4a4b-a843-ad27941db067'),
(11076, 156, 'Egypt', NULL, NULL, 0, 'a90fd245-7635-4e78-83a9-2edb5cc3dada'),
(11081, 156, 'Libya', NULL, NULL, 0, '7421d5ce-a975-4da8-8c20-2931630ea1b1'),
(11086, 156, 'Morocco', NULL, NULL, 0, '26a5ceee-1846-413f-b1c5-7302136210a7'),
(11091, 156, 'South Sudan', NULL, NULL, 0, '473e4fa6-ad61-407b-94a8-5dd94814349b'),
(11096, 156, 'Sudan', NULL, NULL, 0, '09be3b09-1453-4458-90f1-34f0ef374c76'),
(11101, 156, 'Tunisia', NULL, NULL, 0, '97f4bce9-2222-4cfb-b587-91736d80174d'),
(11106, 156, 'Western Sahara', NULL, NULL, 0, 'ae9a23e3-405d-4fb4-905b-50f168108f57'),
(11111, 156, 'Southern Africa', NULL, NULL, 0, '5e79cb3c-e91b-412d-802a-d66a37b19b99'),
(11116, 156, 'Botswana', NULL, NULL, 0, '6b6e1428-44b9-49ff-b4c3-5ff6a4a0ce61'),
(11121, 156, 'Lesotho', NULL, NULL, 0, 'c78843f6-73c3-41c9-9f14-83ad8be803f9'),
(11126, 156, 'Namibia', NULL, NULL, 0, '2c895725-ca05-4955-ab31-33903f2efb8f'),
(11131, 156, 'South Africa', NULL, NULL, 0, '8df93875-be14-480f-9c63-3658a23af63a'),
(11136, 156, 'Swaziland', NULL, NULL, 0, '28ea03f4-cefe-4f43-af0e-d0c66c2eaf2a'),
(11141, 156, 'Western Africa', NULL, NULL, 0, 'fc792ff6-f264-41b3-8fd4-57ae5eb817aa'),
(11146, 156, 'Benin', NULL, NULL, 0, '53fec176-cf69-4c06-834c-574a3c42ece9'),
(11151, 156, 'Burkina Faso', NULL, NULL, 0, '33a5d180-53e3-4ffa-9cbd-4b88b3070b11'),
(11156, 156, 'Cape Verde', NULL, NULL, 0, '81844308-3ce8-4e17-8fa7-ea41c158f300'),
(11161, 156, 'Cote d''Ivoire', NULL, NULL, 0, '23c0fdfd-5b18-40ed-b9ce-0840a9abc723'),
(11166, 156, 'Gambia', NULL, NULL, 0, '909a4c5f-2374-44d9-926e-5408db320acc'),
(11171, 156, 'Ghana', NULL, NULL, 0, '77f8cba5-12f4-41f8-bdf1-5291efa22d1b'),
(11176, 156, 'Guinea', NULL, NULL, 0, 'c89f5f57-9bfb-4b47-acf1-11b6ca7b9012'),
(11181, 156, 'Guinea-Bissau', NULL, NULL, 0, 'a2dcc8f7-cf87-4aa8-a443-b3f265aae5c6'),
(11186, 156, 'Liberia', NULL, NULL, 0, '4fc36c40-1172-4d74-9eaa-3e2055a4f37b'),
(11191, 156, 'Mali', NULL, NULL, 0, '72316bbf-19a9-4b0e-9d12-5b283aabeb2f'),
(11196, 156, 'Mauritania', NULL, NULL, 0, '2dc62581-4627-448d-9a6b-48c1f4958d5a'),
(11201, 156, 'Niger', NULL, NULL, 0, '64ca1236-5232-4450-95fe-bd87aa131860'),
(11206, 156, 'Nigeria', NULL, NULL, 0, 'ae150caf-0501-43ba-903f-bffc1e7d7318'),
(11211, 156, 'Saint Helena', NULL, NULL, 0, '134fd807-3cb3-49a0-ad54-eef804566b48'),
(11216, 156, 'Senegal', NULL, NULL, 0, '6a887dfd-0c56-4a24-a711-012f8099a664'),
(11221, 156, 'Sierra Leone', NULL, NULL, 0, '6fceb529-c0d2-4c88-9957-c31af38c7dd0'),
(11226, 156, 'Togo', NULL, NULL, 0, 'c427abc9-e5af-48e4-a59d-3df3f9ca2644'),
(11231, 156, 'Americas', NULL, NULL, 0, '55d438a2-4147-4741-954e-c9d398b0c727'),
(11236, 156, 'Caribbean', NULL, NULL, 0, 'ebce5022-c716-4dca-b4bb-457bda550b85'),
(11241, 156, 'Anguilla', NULL, NULL, 0, '0259449c-35ad-4fca-ae27-d467d1b52631'),
(11246, 156, 'Antigua and Barbuda', NULL, NULL, 0, '9b4380f9-c1ec-4462-b120-4221270d73d5'),
(11251, 156, 'Aruba', NULL, NULL, 0, '8b2b20f4-c066-49a2-8fb0-008eb444b208'),
(11256, 156, 'Bahamas', NULL, NULL, 0, '8ac101e0-2720-4e91-b625-ab50224beae1'),
(11261, 156, 'Barbados', NULL, NULL, 0, '78edaae9-8b37-4094-8ffe-2ea8dbdb1aa7'),
(11266, 156, 'British Virgin Islands', NULL, NULL, 0, '9343cbf0-94df-4887-86f6-d70599009ebd'),
(11271, 156, 'Cayman Islands', NULL, NULL, 0, '5c7ca5d7-ee9f-4216-b400-85d2271fac5d'),
(11276, 156, 'Cuba', NULL, NULL, 0, 'c58c738d-d02b-49d6-8bf0-56e5f5021995'),
(11281, 156, 'Dominica', NULL, NULL, 0, '64505a70-c901-41ae-9108-a9e4e6448f26'),
(11286, 156, 'Dominican Republic', NULL, NULL, 0, 'c6834dc8-79e0-401c-aefb-39f0c7a51ce3'),
(11291, 156, 'Grenada', NULL, NULL, 0, '80ca2097-f9bd-4784-8dd0-71e188df43bd'),
(11296, 156, 'Guadeloupe', NULL, NULL, 0, '55c0fd61-6bce-4a65-81f4-86991dcf3696'),
(11301, 156, 'Haiti', NULL, NULL, 0, 'cdc6c161-8f15-4a5b-a73d-16a8bee2c46b'),
(11306, 156, 'Jamaica', NULL, NULL, 0, '56f3efb9-af69-43e9-aba6-42dd97ea5544'),
(11311, 156, 'Martinique', NULL, NULL, 0, 'd9c112df-7b72-4c33-9281-a2fe50064c52'),
(11316, 156, 'Montserrat', NULL, NULL, 0, 'b71cb624-3adf-49f5-8a05-c8cd2427a71a'),
(11321, 156, 'Puerto Rico', NULL, NULL, 0, '83fd9919-1c30-49e7-96f2-7e4725af2733'),
(11326, 156, 'Saint Kitts and Nevis', NULL, NULL, 0, '35004fee-b17a-4cd3-9065-625fe3a19ae8'),
(11331, 156, 'Saint Lucia', NULL, NULL, 0, '49638eeb-b7f5-456a-8ca6-c5d93092e3b9'),
(11336, 156, 'Saint Vincent and the Grenadines', NULL, NULL, 0, '97b0cd7d-39f3-449d-bcb2-fc22cf678c03'),
(11341, 156, 'Sint Maarten (Dutch part)', NULL, NULL, 0, 'd00d52ef-ed0a-425d-99f0-0da807f525f6'),
(11346, 156, 'Trinidad and Tobago', NULL, NULL, 0, 'dd53f22c-82ea-4724-b605-75cf24811c67'),
(11351, 156, 'Turks and Caicos Islands', NULL, NULL, 0, '10ec664c-aef6-4ba6-a937-6367d535826d'),
(11356, 156, 'United States Virgin Islands', NULL, NULL, 0, 'a8fd64aa-6f99-4830-9b13-a45c2f7b218b'),
(11361, 156, 'Central America', NULL, NULL, 0, '7ad90c64-da91-4f22-8eb4-b4043eee8b38'),
(11366, 156, 'Belize', NULL, NULL, 0, '8fc1e79e-a62c-47aa-9ca5-08749ef9fbbc'),
(11371, 156, 'Costa Rica', NULL, NULL, 0, 'db4dc6da-37cc-453d-af4d-bc4c7e2d5aa5'),
(11376, 156, 'El Salvador', NULL, NULL, 0, 'fcc15840-2403-4c63-a3fb-6fb54b84ba44'),
(11381, 156, 'Guatemala', NULL, NULL, 0, 'd5e38bf0-1396-4879-a772-f3457f154814'),
(11386, 156, 'Honduras', NULL, NULL, 0, '23d7f4d0-6feb-4aff-af59-cd2f409f9ef3'),
(11391, 156, 'Mexico', NULL, NULL, 0, '65a71abe-c4c1-42b8-ad9a-c78146a5702b'),
(11396, 156, 'Nicaragua', NULL, NULL, 0, 'c1901aae-aa41-4339-b2c1-60fc1fc15095'),
(11401, 156, 'Panama', NULL, NULL, 0, 'c60aecc7-9dda-4908-a8be-9f9b82f4ad0d'),
(11406, 156, 'South America', NULL, NULL, 0, 'd1827c63-be8b-4e67-a29c-a5aff5666fc3'),
(11411, 156, 'Argentina', NULL, NULL, 0, '42f4c2f6-4dc1-45dc-87ed-035cb579cfe3'),
(11416, 156, 'Bolivia', NULL, NULL, 0, '0a2766d4-c14a-4ed7-b925-fc3d4655e6f1'),
(11421, 156, 'Brazil', NULL, NULL, 0, '4b73ab85-09a1-40cd-9a63-981f8bcda7be'),
(11426, 156, 'Chile', NULL, NULL, 0, '04640ef2-7179-41fd-973d-a5c4ebd17dcc'),
(11431, 156, 'Colombia', NULL, NULL, 0, 'a4e4cceb-1f3a-4150-a22c-817028ba7490'),
(11436, 156, 'Ecuador', NULL, NULL, 0, '294616d4-8e06-491d-8794-9398eceb2d55'),
(11441, 156, 'Falkland Islands (Malvinas)', NULL, NULL, 0, 'f1bc9ed1-35d1-4716-95fe-9ac5bb777257'),
(11446, 156, 'French Guiana', NULL, NULL, 0, '0015a6ba-f611-4f51-ae62-19bbd2e01f77'),
(11451, 156, 'Guyana', NULL, NULL, 0, '42ca0398-4fe7-4f4f-9f1e-55b12b382767'),
(11456, 156, 'Paraguay', NULL, NULL, 0, '53696912-df1a-4b3e-8f73-2a8d9be48c67'),
(11461, 156, 'Peru', NULL, NULL, 0, '06d4dbb7-97a0-46d9-ac08-3f8570378f5b'),
(11466, 156, 'Suriname', NULL, NULL, 0, '268cbeff-4d1e-48a6-a6f6-1b14ad197f1b'),
(11471, 156, 'Uruguay', NULL, NULL, 0, '6975bd91-380c-472d-ba07-92fddc961291'),
(11476, 156, 'Venezuela (Bolivarian Republic of)', NULL, NULL, 0, '8f6566c8-46cd-40f8-819d-343e7746d2b3'),
(11481, 156, 'Northern America', NULL, NULL, 0, '13d8c3e2-77f8-4695-85fc-dc87f91b974a'),
(11486, 156, 'Bermuda', NULL, NULL, 0, 'cfbad694-a27a-4fdb-8525-fa9307f5a7db'),
(11491, 156, 'Canada', NULL, NULL, 0, '0944930a-4616-4cdd-aa05-5e38b72079e3'),
(11496, 156, 'Greenland', NULL, NULL, 0, '56c81a1f-df79-49ed-b487-7db1502b64a5'),
(11501, 156, 'Saint Pierre and Miquelon', NULL, NULL, 0, 'cbb531b7-31af-4e52-9102-478d70628a02'),
(11506, 156, 'United States of America', NULL, NULL, 0, 'e42b3702-dd8b-4762-bc3f-567af7e7db03'),
(11511, 156, 'Asia', NULL, NULL, 0, 'a60db064-c833-4fb0-b5c4-24960b0deeb6'),
(11516, 156, 'Central Asia', NULL, NULL, 0, '5356935f-4604-4a03-a887-13bce5d24607'),
(11521, 156, 'Kazakhstan', NULL, NULL, 0, 'e21f95d6-8359-433b-9a48-2061d73cb1a7'),
(11526, 156, 'Kyrgyzstan', NULL, NULL, 0, 'b743a035-1bd7-49f1-8e88-01c9d677325f'),
(11531, 156, 'Tajikistan', NULL, NULL, 0, '84bfdeef-5d96-43e6-8508-b84586093a8c'),
(11536, 156, 'Turkmenistan', NULL, NULL, 0, '5846e31f-52cc-4930-83c8-c9ec2ec3dd74'),
(11541, 156, 'Uzbekistan', NULL, NULL, 0, '8e3a76b4-8ff9-4068-8433-cc3fbe3d5487'),
(11546, 156, 'Eastern Asia', NULL, NULL, 0, 'a6fae9bf-b20b-461b-adf8-3a00102b028c'),
(11551, 156, 'China', NULL, NULL, 0, 'f7853421-451f-4676-b36c-0675d07aff50'),
(11556, 156, 'Hong Kong', NULL, NULL, 0, '6e85ee10-1d7b-4c34-b997-aeb6ceb6db35'),
(11561, 156, 'Macao', NULL, NULL, 0, '5af5554b-3ea8-4e39-abcb-986d464290d7'),
(11566, 156, 'Japan', NULL, NULL, 0, '76c0769c-7874-4f6d-b138-e20844c60718'),
(11571, 156, 'Mongolia', NULL, NULL, 0, '3fd0f933-1e7f-41ea-ab86-d94d0b228e8c'),
(11576, 156, 'North Korea', NULL, NULL, 0, '84609ba8-325a-4180-ad2c-8ab8954a79da'),
(11581, 156, 'South Korea', NULL, NULL, 0, '37fc5caa-37f8-4b54-bccf-e932afcfe03f'),
(11586, 156, 'Taiwan', NULL, NULL, 0, '5625b4e1-6cb0-4a85-8684-fe08aab15464'),
(11591, 156, 'Southern Asia', NULL, NULL, 0, '76c92593-cadd-4c77-846b-cbae1db7e6cb'),
(11596, 156, 'Afghanistan', NULL, NULL, 0, '10f80667-198b-4aee-8f41-210d3f8f68ae'),
(11601, 156, 'Bangladesh', NULL, NULL, 0, 'd956c9ff-e1b2-4124-a240-c80e52bd7a28'),
(11606, 156, 'Bhutan', NULL, NULL, 0, '27ed4b8d-0737-45f8-9ed8-4a64c12383c5'),
(11611, 156, 'India', NULL, NULL, 0, '0a1b9d7c-e870-462b-9f94-a11e293a62b9'),
(11616, 156, 'Iran (Islamic Republic of)', NULL, NULL, 0, 'f5f34ee8-204d-4563-ad9f-b53ee52674f8'),
(11621, 156, 'Maldives', NULL, NULL, 0, 'aad718f7-bc82-49d0-8ff2-15e66fa5e18a'),
(11626, 156, 'Nepal', NULL, NULL, 0, '70aca6d5-d251-4e21-bff1-8cbc5e84a48a'),
(11631, 156, 'Pakistan', NULL, NULL, 0, 'a48a512b-0bd1-4e19-a0f4-9fe6ff51d4fe'),
(11636, 156, 'Sri Lanka', NULL, NULL, 0, 'e4e87898-6753-41bd-9fdb-fa745c2d9a54'),
(11641, 156, 'South-Eastern Asia', NULL, NULL, 0, 'aac718e2-6fa2-4035-8b11-97bae575dcad'),
(11646, 156, 'Brunei Darussalam', NULL, NULL, 0, 'd9b36b65-b9bb-46db-8f8d-42f9850ded5b'),
(11651, 156, 'Cambodia', NULL, NULL, 0, 'b48f0b00-54f1-40a7-a243-3e04cd12cdad'),
(11656, 156, 'Indonesia', NULL, NULL, 0, 'cd4a1319-fbf2-4d0a-9887-ae01755b8ea9'),
(11661, 156, 'Laos', NULL, NULL, 0, '0128de6c-19a0-4127-85a9-81e0bf3d95be'),
(11666, 156, 'Malaysia', NULL, NULL, 0, '02545cd2-d1dd-4362-b087-63296bad5839'),
(11671, 156, 'Myanmar', NULL, NULL, 0, '04341df9-e441-45f3-8dcc-59be14cc4e50'),
(11676, 156, 'Philippines', NULL, NULL, 0, 'dbc86f4d-8154-4731-a422-8ab729651c1e'),
(11681, 156, 'Singapore', NULL, NULL, 0, 'a35969e1-1ea0-4807-9dc3-3f3d216b84ad'),
(11686, 156, 'Thailand', NULL, NULL, 0, 'cc7a6339-cafa-485e-b677-e928f7998bf3'),
(11691, 156, 'Timor-Leste', NULL, NULL, 0, 'aa59df2a-094a-4ec7-8307-341234c2ed66'),
(11696, 156, 'Vietnam', NULL, NULL, 0, '45f248b5-da2d-49f1-8813-bbb7964c45be'),
(11701, 156, 'Western Asia', NULL, NULL, 0, '4830dbc5-0fcd-4727-9086-4260b79a5dbb'),
(11706, 156, 'Armenia', NULL, NULL, 0, 'b35b2cd4-3018-432f-b6d6-56d86b15613f'),
(11711, 156, 'Azerbaijan', NULL, NULL, 0, '2c920be8-e14d-4fc5-b256-072fb038e6fc'),
(11716, 156, 'Bahrain', NULL, NULL, 0, 'ad45c78f-619a-4319-944c-4d2653745b07'),
(11721, 156, 'Cyprus', NULL, NULL, 0, '4d3c1d71-1519-4960-ad35-113357ae0f4e'),
(11726, 156, 'Georgia (Republic)', NULL, NULL, 0, 'd4718a3f-3dbe-4583-8e13-8da93b1f9562'),
(11731, 156, 'Iraq', NULL, NULL, 0, '58296051-1d5f-4309-bea5-ea545b3d1774'),
(11736, 156, 'Israel', NULL, NULL, 0, '4b99389d-c4aa-4028-9ddd-f9f2b277a036'),
(11741, 156, 'Jordan', NULL, NULL, 0, 'c599a8b4-ace6-4a5d-8cbc-8f21c00f1339'),
(11746, 156, 'Kuwait', NULL, NULL, 0, 'f5a89332-be1b-445f-a943-dab2d58f8e48'),
(11751, 156, 'Lebanon', NULL, NULL, 0, 'efc12438-6eab-49b5-9d63-dd3e4be05cd5'),
(11756, 156, 'Gaza Strip', NULL, NULL, 0, 'e06aef98-2792-4ecc-9c40-38607e3d8170'),
(11761, 156, 'Oman', NULL, NULL, 0, 'd81238f9-0f60-4d86-b081-82d724c39dcc'),
(11766, 156, 'Qatar', NULL, NULL, 0, '7a167fdd-3610-4f2a-9743-54aacf56f8cf'),
(11771, 156, 'Saudi Arabia', NULL, NULL, 0, '9e50c348-f03b-4a4e-87a5-cc50bdee8d5a'),
(11776, 156, 'Syrian Arab Republic', NULL, NULL, 0, '842d3e24-833f-4c72-9542-c6fff8038ef3'),
(11781, 156, 'Turkey', NULL, NULL, 0, '7aa342cf-ca29-4afe-814a-d49a283e3bb4'),
(11786, 156, 'United Arab Emirates', NULL, NULL, 0, '87df6ed3-992d-4b24-a453-680e8eb86c64'),
(11791, 156, 'Yemen', NULL, NULL, 0, 'a228672f-fe32-43df-9534-492c41057152'),
(11796, 156, 'West Bank of the Jordan River', NULL, NULL, 0, '0d51ffb3-048f-497d-97f8-fb5f79abefba'),
(11801, 156, 'Europe', NULL, NULL, 0, 'e4f9fb43-e26d-47af-a631-a6d91ed8e28e'),
(11806, 156, 'Eastern Europe', NULL, NULL, 0, '2aa6c4c9-8375-403e-acbc-91d2d6d7a232'),
(11811, 156, 'Belarus', NULL, NULL, 0, 'd9fd6933-63ec-4b69-9524-e9eac527ca65'),
(11816, 156, 'Bulgaria', NULL, NULL, 0, '0088e295-5597-4b2d-84ab-5d9041952c0c'),
(11821, 156, 'Czech Republic', NULL, NULL, 0, '173dad7b-1268-486b-885e-8919eab5a8e8'),
(11826, 156, 'Hungary', NULL, NULL, 0, '8c9969c8-fabb-4896-b37c-6aec4dd8b37f'),
(11831, 156, 'Moldova', NULL, NULL, 0, 'eb9701d9-a165-498d-8157-c8b6e9d87295'),
(11836, 156, 'Poland', NULL, NULL, 0, '5b06061e-cf60-4eeb-9ff4-df40f79fa9d3'),
(11841, 156, 'Romania', NULL, NULL, 0, '56b45869-b77b-471e-97c3-92a2196206c1'),
(11846, 156, 'Russia', NULL, NULL, 0, '113b7e2c-e962-4886-82ca-a357344b1a9d'),
(11851, 156, 'Slovakia', NULL, NULL, 0, 'abf9454e-0bb3-4231-9306-ae5ba86855eb'),
(11856, 156, 'Ukraine', NULL, NULL, 0, '51ff76a0-ac06-419f-adaf-5730c8411fe9'),
(11861, 156, 'Northern Europe', NULL, NULL, 0, 'c0a205be-9ccb-4a57-ae0d-a7d561aa1920'),
(11866, 156, 'Denmark', NULL, NULL, 0, 'b96f778f-c265-4e3d-a25a-6159e6af0f9c'),
(11871, 156, 'England', NULL, NULL, 0, '38017246-3ad3-460b-adfe-557dbdb1b8fe'),
(11876, 156, 'Estonia', NULL, NULL, 0, 'afb0aea4-1a72-41af-b61f-3a10ba82a61f'),
(11881, 156, 'Faeroe Islands', NULL, NULL, 0, '1dfddfc5-26ae-4632-8bfe-9aca247d7a45'),
(11886, 156, 'Finland', NULL, NULL, 0, '0aad00b8-14c7-489e-8a9f-aa88c8570c88'),
(11891, 156, 'Iceland', NULL, NULL, 0, 'a76499a8-0d74-431d-abe4-da1bf8eb2cbe'),
(11896, 156, 'Ireland', NULL, NULL, 0, '63cad711-fbcb-4321-a33f-8073c8a384d3'),
(11901, 156, 'Latvia', NULL, NULL, 0, 'dd4f7753-4d1d-483d-bcd2-8739b612c186'),
(11906, 156, 'Lithuania', NULL, NULL, 0, 'e6be14b2-b1d8-424f-ae1f-5615a54b0ef9'),
(11911, 156, 'Northern Ireland', NULL, NULL, 0, '83ccc255-3d58-45e2-9665-bf2184738854'),
(11916, 156, 'Norway', NULL, NULL, 0, '25c31c77-12ee-4cbc-81d4-67c9777c0be4'),
(11921, 156, 'Scotland', NULL, NULL, 0, '61e310eb-f4a8-4adb-ad0f-eb97be02115f'),
(11926, 156, 'Sweden', NULL, NULL, 0, '09c0980c-b1a1-4e45-8f94-3f56241d2c00'),
(11931, 156, 'United Kingdom', NULL, NULL, 0, '92a44b64-ec49-4909-a8a8-a9144c9e401a'),
(11936, 156, 'Wales', NULL, NULL, 0, 'bc379419-13c3-43ed-ac3d-bff80d12916f'),
(11941, 156, 'Southern Europe', NULL, NULL, 0, '8d586223-0008-4c82-891a-767eedf32e8b'),
(11946, 156, 'Albania', NULL, NULL, 0, '572f433d-4367-4999-aef2-f8e61ab7ba91'),
(11951, 156, 'Andorra', NULL, NULL, 0, 'dee36814-55d1-4f48-a3e5-05d4a29d1bda'),
(11956, 156, 'Bosnia and Herzegovina', NULL, NULL, 0, '65e5482c-c206-40bf-ab98-838dcdb50ce1'),
(11961, 156, 'Croatia', NULL, NULL, 0, '2c2f495f-4d07-473b-84ed-76d9041b40cd'),
(11966, 156, 'Gibraltar', NULL, NULL, 0, '8ccb159b-8a24-4061-9db9-59624d4aa5e3'),
(11971, 156, 'Greece', NULL, NULL, 0, '19d7049d-96bc-4d57-a04c-67ba535070e7'),
(11976, 156, 'Italy', NULL, NULL, 0, '29463484-64af-4811-9137-b5761c5b4001'),
(11981, 156, 'Macedonia', NULL, NULL, 0, '2eed7763-c70d-47e2-90b7-d09cfe605d03'),
(11986, 156, 'Malta', NULL, NULL, 0, 'b7d30d3a-672f-4a6f-9e4f-cbcf494306ab'),
(11991, 156, 'Montenegro', NULL, NULL, 0, '5dd5051e-6127-487a-bb9b-18fb051e3787'),
(11996, 156, 'Portugal', NULL, NULL, 0, '46e727fb-44c1-4c12-933b-eb7089f04436'),
(12001, 156, 'San Marino', NULL, NULL, 0, 'fae72ee4-260d-499a-9e31-68ddfdb6fd85'),
(12006, 156, 'Serbia', NULL, NULL, 0, '3e7eeb98-f8ac-4f3a-a09c-93a272dbfeca'),
(12011, 156, 'Slovenia', NULL, NULL, 0, 'd108a5f0-e7aa-4275-8406-326da6c0b498'),
(12016, 156, 'Spain', NULL, NULL, 0, '4f36e158-806e-4cb7-9c1c-d6d81f5392c1'),
(12021, 156, 'Western Europe', NULL, NULL, 0, 'bfe12531-b969-4a34-a88e-566a57171910'),
(12026, 156, 'Austria', NULL, NULL, 0, '37b60ce2-2b47-442b-8f07-26419626be92'),
(12031, 156, 'Belgium', NULL, NULL, 0, '9cf03a80-7018-48cb-977c-a2c9bc843358'),
(12036, 156, 'France', NULL, NULL, 0, 'eeba705c-5efb-4588-a2c3-7a8334547b65'),
(12041, 156, 'Germany', NULL, NULL, 0, '16166802-b5b3-4291-a839-2b4a581b9d15'),
(12046, 156, 'Liechtenstein', NULL, NULL, 0, 'b07385d1-aa9d-4659-bbf2-851ac38e0b0b'),
(12051, 156, 'Luxembourg', NULL, NULL, 0, '158f4518-03fd-40a1-a3f1-a0e0018ef5dd'),
(12056, 156, 'Monaco', NULL, NULL, 0, '243c8708-a89f-41df-9935-5b7191df6556'),
(12061, 156, 'Netherlands', NULL, NULL, 0, '1ae79b36-283d-4a0c-9bbb-e14f459d4562'),
(12066, 156, 'Switzerland', NULL, NULL, 0, '37425b2e-fba8-46d3-8588-060277f44b22'),
(12071, 156, 'Oceania', NULL, NULL, 0, 'dad0cdee-7d4e-4410-a813-a039487d63b7'),
(12076, 156, 'Australia and New Zealand', NULL, NULL, 0, '04fefba2-c7fe-42fa-818b-52e28af98fbe'),
(12081, 156, 'Australia', NULL, NULL, 0, '3126e8bf-68f0-434c-bb74-a1e881d620e4'),
(12086, 156, 'New Zealand', NULL, NULL, 0, '89c2e989-7db4-4011-b507-f4e3ca28ba76'),
(12091, 156, 'Norfolk Island', NULL, NULL, 0, '99de9dbd-4084-4d5a-9ac3-2dc69f851903'),
(12096, 156, 'Melanesia', NULL, NULL, 0, '775fa19c-bf95-4625-a92f-50a2820cf9e8'),
(12101, 156, 'Fiji', NULL, NULL, 0, '8319292e-f1c8-4b35-87c5-9a547a735308'),
(12106, 156, 'New Caledonia', NULL, NULL, 0, '82f20844-ff95-4290-bf6a-741910a41cc7'),
(12111, 156, 'Papua New Guinea', NULL, NULL, 0, 'c3b6ce2f-0013-429e-a31a-53a3ce98a370'),
(12116, 156, 'Solomon Islands', NULL, NULL, 0, '49859974-cf11-4bf2-b8f5-87b2dd8f3f4c'),
(12121, 156, 'Vanuatu', NULL, NULL, 0, '638aecaa-1d74-4eaa-923b-0aa916b18084'),
(12126, 156, 'Micronesia', NULL, NULL, 0, '9672223c-8f66-412d-9a9f-5af86170532a'),
(12131, 156, 'Guam', NULL, NULL, 0, '7403e76f-ac44-46dd-a7e7-c76276147c61'),
(12136, 156, 'Kiribati', NULL, NULL, 0, 'd695901a-7f95-405f-9748-153558df3ad5'),
(12141, 156, 'Marshall Islands', NULL, NULL, 0, 'd6d98dea-bce5-47d7-b34a-3b4c9db834e7'),
(12146, 156, 'Micronesia (Federated States of)', NULL, NULL, 0, '34433f3a-4e09-4bfc-be7e-d998e551502c'),
(12151, 156, 'Nauru', NULL, NULL, 0, 'e75fb699-5260-472e-9dc2-3c11f2ad64c0'),
(12156, 156, 'Northern Mariana Islands', NULL, NULL, 0, '53f882bf-f472-407a-8326-259d714e0bcb'),
(12161, 156, 'Palau', NULL, NULL, 0, 'c70430c6-afff-4555-8991-f5384c0b4899'),
(12166, 156, 'Polynesia', NULL, NULL, 0, '0d0c3f89-ed49-47e2-aee4-f82addd1e845'),
(12171, 156, 'American Samoa', NULL, NULL, 0, '19720ef1-e7b0-4b77-a1cf-75e210482d43'),
(12176, 156, 'Cook Islands', NULL, NULL, 0, 'fa4fdb35-3fbf-4901-b8ea-d269fd9dc6c4'),
(12181, 156, 'French Polynesia', NULL, NULL, 0, '4b0fb554-0687-427b-8dc9-f7aff5d4bdbf'),
(12186, 156, 'Niue', NULL, NULL, 0, 'f3745b57-f3d4-4872-8221-8c0bf7d7aaa9'),
(12191, 156, 'Pitcairn', NULL, NULL, 0, 'e82e901c-b10c-4103-9948-bddbb48b6efa'),
(12196, 156, 'Samoa', NULL, NULL, 0, '158ea025-88e4-4740-9c27-bd8998d5ad8f'),
(12201, 156, 'Tokelau', NULL, NULL, 0, 'a524061d-0150-4a3a-8c6c-8919983b5cdc'),
(12206, 156, 'Tonga', NULL, NULL, 0, 'df8f19b2-cba4-4ed4-85e4-65a8bd7e2a27'),
(12211, 156, 'Tuvalu', NULL, NULL, 0, 'ac7ed49f-eecd-446e-95e2-54263c8d3776'),
(12216, 156, 'Wallis and Futuna Islands', NULL, NULL, 0, '7b8670d5-7498-4132-af09-15e591746656'),
(12221, 166, 'All', NULL, NULL, 0, '123dc734-e224-45a3-9e68-d773f5cb5f25'),
(12226, 166, 'Alumni', NULL, NULL, 0, 'ea200af5-a594-4c7f-b02f-ac824c10caab'),
(12231, 166, 'Faculty', NULL, NULL, 0, 'a3c16ec1-3721-4609-b435-9e813279d82b'),
(12236, 166, 'Public', NULL, NULL, 0, '0a25133b-a241-4136-9f25-d22dbe366237'),
(12241, 166, 'Staff', NULL, NULL, 0, '0b9a56b5-f637-4f55-ac2c-c25d9f7d0d4e'),
(12246, 166, 'Stanford Community', NULL, NULL, 0, '3be15f82-9f26-4c6b-88d7-0f296fdfd7cb'),
(12251, 166, 'Students', NULL, NULL, 0, '91a76994-5375-433d-b57e-da1461460f31'),
(12256,171,'Administrators','Administrators of the site.',NULL,0,'a078dce9-f120-4a0c-bffe-efb0c772d2ea');
-- --------------------------------------------------------

--
-- Table structure for table `taxonomy_term_hierarchy`
--

DROP TABLE IF EXISTS `taxonomy_term_hierarchy`;
CREATE TABLE IF NOT EXISTS `taxonomy_term_hierarchy` (
  `tid` int(10) unsigned NOT NULL DEFAULT '0' COMMENT 'Primary Key: The taxonomy_term_data.tid of the term.',
  `parent` int(10) unsigned NOT NULL DEFAULT '0' COMMENT 'Primary Key: The taxonomy_term_data.tid of the term’s parent. 0 indicates no parent.',
  PRIMARY KEY (`tid`,`parent`),
  KEY `parent` (`parent`)
) ENGINE=InnoDB DEFAULT CHARSET=utf8 COMMENT='Stores the hierarchical relationship between terms.';

--
-- Dumping data for table `taxonomy_term_hierarchy`
--

INSERT INTO `taxonomy_term_hierarchy` (`tid`, `parent`) VALUES
(10001, 0),
(10006, 0),
(10011, 0),
(10016, 0),
(10021, 0),
(10026, 0),
(10031, 0),
(10036, 0),
(10041, 0),
(10046, 0),
(10051, 0),
(10056, 0),
(10061, 0),
(10066, 0),
(10071, 0),
(10076, 0),
(10081, 0),
(10086, 0),
(10091, 0),
(10096, 0),
(10101, 0),
(10106, 0),
(10111, 0),
(10116, 0),
(10121, 0),
(10126, 0),
(10131, 0),
(10136, 0),
(10141, 0),
(10146, 0),
(10151, 0),
(10156, 0),
(10161, 0),
(10166, 0),
(10171, 0),
(10176, 0),
(10181, 0),
(10186, 0),
(10191, 0),
(10196, 0),
(10201, 0),
(10206, 0),
(10211, 0),
(10216, 0),
(12691, 0),
(12696, 0),
(12697, 0),
(12698, 0),
(12699, 0),
(12701, 0),
(12702, 0),
(12704, 0),
(12705, 0),
(10221, 0),
(10241, 0),
(10271, 0),
(10301, 0),
(10356, 0),
(10366, 0),
(10401, 0),
(10436, 0),
(10471, 0),
(10511, 0),
(10541, 0),
(10556, 0),
(10561, 0),
(10566, 0),
(10571, 0),
(12411, 0),
(10576, 0),
(10581, 0),
(10582, 0),
(10586, 0),
(10591, 0),
(10596, 0),
(10601, 0),
(10602, 0),
(10606, 0),
(10611, 0),
(10651, 0),
(10656, 0),
(10681, 0),
(10701, 0),
(10726, 0),
(10746, 0),
(10756, 0),
(10781, 0),
(10786, 0),
(10791, 0),
(10816, 0),
(10851, 0),
(10856, 0),
(10876, 0),
(10881, 0),
(10886, 0),
(10887, 0),
(10891, 0),
(10896, 0),
(10901, 0),
(10906, 0),
(10911, 0),
(10916, 0),
(11231, 0),
(11511, 0),
(11801, 0),
(12071, 0),
(12221, 0),
(12226, 0),
(12231, 0),
(12236, 0),
(12241, 0),
(12246, 0),
(12251, 0),
(12256, 0),
(10226, 10221),
(10231, 10221),
(10236, 10221),
(10246, 10241),
(10251, 10241),
(10256, 10241),
(10261, 10241),
(10266, 10241),
(10276, 10271),
(10281, 10271),
(10286, 10271),
(10291, 10271),
(10296, 10271),
(10306, 10301),
(10311, 10301),
(10316, 10301),
(10321, 10301),
(10326, 10301),
(10331, 10301),
(10336, 10301),
(10341, 10301),
(10346, 10301),
(10351, 10301),
(10361, 10356),
(10371, 10366),
(10376, 10366),
(10381, 10366),
(10386, 10366),
(10391, 10366),
(10396, 10366),
(10406, 10401),
(10411, 10401),
(10416, 10401),
(10421, 10401),
(10426, 10401),
(10431, 10401),
(10441, 10436),
(10446, 10436),
(10451, 10436),
(10456, 10436),
(10461, 10436),
(10466, 10436),
(10476, 10471),
(10481, 10471),
(10486, 10471),
(10491, 10471),
(10496, 10471),
(10501, 10471),
(10506, 10471),
(10516, 10511),
(10521, 10511),
(10526, 10511),
(10531, 10511),
(10536, 10511),
(10546, 10541),
(10551, 10541),
(10616, 10611),
(10621, 10611),
(10626, 10611),
(10631, 10611),
(10636, 10611),
(10641, 10611),
(10646, 10611),
(10661, 10656),
(10666, 10656),
(10671, 10656),
(10676, 10656),
(10686, 10681),
(10691, 10681),
(10696, 10681),
(10706, 10701),
(10711, 10701),
(10716, 10701),
(10721, 10701),
(10731, 10726),
(10736, 10726),
(10741, 10726),
(10751, 10746),
(10761, 10756),
(10766, 10756),
(10771, 10756),
(10776, 10756),
(10796, 10791),
(10801, 10791),
(10806, 10791),
(10811, 10791),
(10821, 10816),
(10826, 10816),
(10831, 10816),
(10836, 10816),
(10841, 10816),
(10846, 10816),
(10861, 10856),
(10866, 10856),
(10871, 10856),
(10921, 10916),
(11016, 10916),
(11066, 10916),
(11111, 10916),
(11141, 10916),
(10926, 10921),
(10931, 10921),
(10936, 10921),
(10941, 10921),
(10946, 10921),
(10951, 10921),
(10956, 10921),
(10961, 10921),
(10966, 10921),
(10971, 10921),
(10976, 10921),
(10981, 10921),
(10986, 10921),
(10991, 10921),
(10996, 10921),
(11001, 10921),
(11006, 10921),
(11011, 10921),
(11021, 11016),
(11026, 11016),
(11031, 11016),
(11036, 11016),
(11041, 11016),
(11046, 11016),
(11051, 11016),
(11056, 11016),
(11061, 11016),
(11071, 11066),
(11076, 11066),
(11081, 11066),
(11086, 11066),
(11091, 11066),
(11096, 11066),
(11101, 11066),
(11106, 11066),
(11116, 11111),
(11121, 11111),
(11126, 11111),
(11131, 11111),
(11136, 11111),
(11146, 11141),
(11151, 11141),
(11156, 11141),
(11161, 11141),
(11166, 11141),
(11171, 11141),
(11176, 11141),
(11181, 11141),
(11186, 11141),
(11191, 11141),
(11196, 11141),
(11201, 11141),
(11206, 11141),
(11211, 11141),
(11216, 11141),
(11221, 11141),
(11226, 11141),
(11236, 11231),
(11361, 11231),
(11406, 11231),
(11481, 11231),
(11241, 11236),
(11246, 11236),
(11251, 11236),
(11256, 11236),
(11261, 11236),
(11266, 11236),
(11271, 11236),
(11276, 11236),
(11281, 11236),
(11286, 11236),
(11291, 11236),
(11296, 11236),
(11301, 11236),
(11306, 11236),
(11311, 11236),
(11316, 11236),
(11321, 11236),
(11326, 11236),
(11331, 11236),
(11336, 11236),
(11341, 11236),
(11346, 11236),
(11351, 11236),
(11356, 11236),
(11366, 11361),
(11371, 11361),
(11376, 11361),
(11381, 11361),
(11386, 11361),
(11391, 11361),
(11396, 11361),
(11401, 11361),
(11411, 11406),
(11416, 11406),
(11421, 11406),
(11426, 11406),
(11431, 11406),
(11436, 11406),
(11441, 11406),
(11446, 11406),
(11451, 11406),
(11456, 11406),
(11461, 11406),
(11466, 11406),
(11471, 11406),
(11476, 11406),
(11486, 11481),
(11491, 11481),
(11496, 11481),
(11501, 11481),
(11506, 11481),
(11516, 11511),
(11546, 11511),
(11591, 11511),
(11641, 11511),
(11701, 11511),
(11521, 11516),
(11526, 11516),
(11531, 11516),
(11536, 11516),
(11541, 11516),
(11551, 11546),
(11556, 11546),
(11561, 11546),
(11566, 11546),
(11571, 11546),
(11576, 11546),
(11581, 11546),
(11586, 11546),
(11596, 11591),
(11601, 11591),
(11606, 11591),
(11611, 11591),
(11616, 11591),
(11621, 11591),
(11626, 11591),
(11631, 11591),
(11636, 11591),
(11646, 11641),
(11651, 11641),
(11656, 11641),
(11661, 11641),
(11666, 11641),
(11671, 11641),
(11676, 11641),
(11681, 11641),
(11686, 11641),
(11691, 11641),
(11696, 11641),
(11706, 11701),
(11711, 11701),
(11716, 11701),
(11721, 11701),
(11726, 11701),
(11731, 11701),
(11736, 11701),
(11741, 11701),
(11746, 11701),
(11751, 11701),
(11756, 11701),
(11761, 11701),
(11766, 11701),
(11771, 11701),
(11776, 11701),
(11781, 11701),
(11786, 11701),
(11791, 11701),
(11796, 11701),
(11806, 11801),
(11861, 11801),
(11941, 11801),
(12021, 11801),
(11811, 11806),
(11816, 11806),
(11821, 11806),
(11826, 11806),
(11831, 11806),
(11836, 11806),
(11841, 11806),
(11846, 11806),
(11851, 11806),
(11856, 11806),
(11866, 11861),
(11871, 11861),
(11876, 11861),
(11881, 11861),
(11886, 11861),
(11891, 11861),
(11896, 11861),
(11901, 11861),
(11906, 11861),
(11911, 11861),
(11916, 11861),
(11921, 11861),
(11926, 11861),
(11931, 11861),
(11936, 11861),
(11946, 11941),
(11951, 11941),
(11956, 11941),
(11961, 11941),
(11966, 11941),
(11971, 11941),
(11976, 11941),
(11981, 11941),
(11986, 11941),
(11991, 11941),
(11996, 11941),
(12001, 11941),
(12006, 11941),
(12011, 11941),
(12016, 11941),
(12026, 12021),
(12031, 12021),
(12036, 12021),
(12041, 12021),
(12046, 12021),
(12051, 12021),
(12056, 12021),
(12061, 12021),
(12066, 12021),
(12076, 12071),
(12096, 12071),
(12126, 12071),
(12166, 12071),
(12081, 12076),
(12086, 12076),
(12091, 12076),
(12101, 12096),
(12106, 12096),
(12111, 12096),
(12116, 12096),
(12121, 12096),
(12131, 12126),
(12136, 12126),
(12141, 12126),
(12146, 12126),
(12151, 12126),
(12156, 12126),
(12161, 12126),
(12171, 12166),
(12176, 12166),
(12181, 12166),
(12186, 12166),
(12191, 12166),
(12196, 12166),
(12201, 12166),
(12206, 12166),
(12211, 12166),
(12216, 12166);

-- --------------------------------------------------------

--
-- Table structure for table `taxonomy_vocabulary`
--

DROP TABLE IF EXISTS `taxonomy_vocabulary`;
CREATE TABLE IF NOT EXISTS `taxonomy_vocabulary` (
  `vid` int(10) unsigned NOT NULL AUTO_INCREMENT COMMENT 'Primary Key: Unique vocabulary ID.',
  `name` varchar(255) NOT NULL DEFAULT '' COMMENT 'Name of the vocabulary.',
  `machine_name` varchar(255) NOT NULL DEFAULT '' COMMENT 'The vocabulary machine name.',
  `description` longtext COMMENT 'Description of the vocabulary.',
  `hierarchy` tinyint(3) unsigned NOT NULL DEFAULT '0' COMMENT 'The type of hierarchy allowed within the vocabulary. (0 = disabled, 1 = single, 2 = multiple)',
  `module` varchar(255) NOT NULL DEFAULT '' COMMENT 'The module which created the vocabulary.',
  `weight` int(11) NOT NULL DEFAULT '0' COMMENT 'The weight of this vocabulary in relation to other vocabularies.',
  PRIMARY KEY (`vid`),
  UNIQUE KEY `machine_name` (`machine_name`),
  KEY `list` (`weight`,`name`)
) ENGINE=InnoDB  DEFAULT CHARSET=utf8 COMMENT='Stores vocabulary information.' AUTO_INCREMENT=172 ;

--
-- Dumping data for table `taxonomy_vocabulary`
--

INSERT INTO `taxonomy_vocabulary` (`vid`, `name`, `machine_name`, `description`, `hierarchy`, `module`, `weight`) VALUES
(1, 'Categories', 'panopoly_categories', 'This is a sitewide taxonomy of categories to organize the content on your site!', 0, 'taxonomy', 0),
(101, 'Academic Area', 'academic_area', '', 0, 'taxonomy', 0),
(106, 'Business Insight Topic', 'business_insight_topic', '', 0, 'taxonomy', 0),
(111, 'Centers and Research Programs', 'centers_research_programs', '', 0, 'taxonomy', 0),
(116, 'Club Category', 'club_category', '', 0, 'taxonomy', 0),
(121, 'Company/Organization', 'company_organization', '', 0, 'taxonomy', 0),
(126, 'Department', 'department', '', 0, 'taxonomy', 0),
(131, 'Discipline', 'discipline', '', 0, 'taxonomy', 0),
(136, 'Event Category', 'event_category', '', 0, 'taxonomy', 0),
(141, 'Event Series', 'event_series', '', 0, 'taxonomy', 0),
(146, 'Industry', 'industry', '', 0, 'taxonomy', 0),
(151, 'Program', 'program', '', 0, 'taxonomy', 0),
(156, 'Region', 'region', '', 0, 'taxonomy', 0),
(161, 'Tag', 'tag', '', 0, 'taxonomy', 0),
(166, 'Target Audience', 'target_audience', '', 0, 'taxonomy', 0),
(171, 'Workbench Sections', 'workbench_sections', 'This holds the roles for the sections in workbench.', 0, 'taxonomy', 0);

/*!40101 SET CHARACTER_SET_CLIENT=@OLD_CHARACTER_SET_CLIENT */;
/*!40101 SET CHARACTER_SET_RESULTS=@OLD_CHARACTER_SET_RESULTS */;
/*!40101 SET COLLATION_CONNECTION=@OLD_COLLATION_CONNECTION */;
